{"lr": 0.009999498807957922, "data_time": 0.010847115516662597, "loss": 0.7551525473594666, "decode.loss_ce": 0.5214686006307602, "decode.acc_seg": 84.58499908447266, "aux.loss_ce": 0.23368393033742904, "aux.acc_seg": 84.58499908447266, "time": 72.81683328151703, "iter": 10, "step": 10}
{"lr": 0.00999894192460447, "data_time": 0.010659623146057128, "loss": 0.36155683249235154, "decode.loss_ce": 0.23101784884929658, "decode.acc_seg": 93.65253448486328, "aux.loss_ce": 0.13053898215293885, "aux.acc_seg": 85.33401489257812, "time": 68.30019001960754, "iter": 20, "step": 20}
{"lr": 0.009998385037770051, "data_time": 0.007248330116271973, "loss": 0.24721479713916777, "decode.loss_ce": 0.16179976910352706, "decode.acc_seg": 95.4060287475586, "aux.loss_ce": 0.08541502617299557, "aux.acc_seg": 96.60908508300781, "time": 68.27534208297729, "iter": 30, "step": 30}
{"lr": 0.009997828147454426, "data_time": 0.00723419189453125, "loss": 0.20834405049681665, "decode.loss_ce": 0.1386304721236229, "decode.acc_seg": 94.59085083007812, "aux.loss_ce": 0.06971357651054859, "aux.acc_seg": 94.06745910644531, "time": 69.31079976558685, "iter": 40, "step": 40}
{"lr": 0.009997271253657354, "data_time": 0.008849644660949707, "loss": 0.17370415031909942, "decode.loss_ce": 0.11808305606245995, "decode.acc_seg": 91.73051452636719, "aux.loss_ce": 0.0556210920214653, "aux.acc_seg": 90.89205932617188, "time": 69.97022469043732, "iter": 50, "step": 50}
{"lr": 0.009996714356378599, "data_time": 0.005645942687988281, "loss": 0.17388903200626374, "decode.loss_ce": 0.12425999939441681, "decode.acc_seg": 96.2992172241211, "aux.loss_ce": 0.049629030376672746, "aux.acc_seg": 96.1878890991211, "time": 72.21349730491639, "iter": 60, "step": 60}
{"lr": 0.009996157455617915, "data_time": 0.008049225807189942, "loss": 0.15105898231267928, "decode.loss_ce": 0.10713052824139595, "decode.acc_seg": 96.09628295898438, "aux.loss_ce": 0.04392845369875431, "aux.acc_seg": 95.9481201171875, "time": 67.77643370628357, "iter": 70, "step": 70}
{"lr": 0.009995600551375066, "data_time": 0.005826115608215332, "loss": 0.19065182507038117, "decode.loss_ce": 0.13272593915462494, "decode.acc_seg": 94.00343322753906, "aux.loss_ce": 0.05792588777840137, "aux.acc_seg": 93.44058990478516, "time": 68.63910467624665, "iter": 80, "step": 80}
{"lr": 0.009995043643649816, "data_time": 0.006639432907104492, "loss": 0.158380189538002, "decode.loss_ce": 0.11115454137325287, "decode.acc_seg": 96.2660903930664, "aux.loss_ce": 0.04722564779222012, "aux.acc_seg": 95.92835235595703, "time": 68.11273753643036, "iter": 90, "step": 90}
{"lr": 0.00999448673244192, "data_time": 0.005832505226135254, "loss": 0.14523383751511573, "decode.loss_ce": 0.10003268495202064, "decode.acc_seg": 95.4366683959961, "aux.loss_ce": 0.04520115293562412, "aux.acc_seg": 95.25279998779297, "time": 67.88307845592499, "iter": 100, "step": 100}
{"lr": 0.009993929817751147, "data_time": 0.0034240007400512694, "loss": 0.1846573233604431, "decode.loss_ce": 0.13032795935869218, "decode.acc_seg": 93.30634307861328, "aux.loss_ce": 0.05432936102151871, "aux.acc_seg": 93.362060546875, "time": 67.8829824924469, "iter": 110, "step": 110}
{"lr": 0.009993372899577253, "data_time": 0.0060309886932373045, "loss": 0.1463392660021782, "decode.loss_ce": 0.10285662561655044, "decode.acc_seg": 97.57557678222656, "aux.loss_ce": 0.04348264057189226, "aux.acc_seg": 97.33200073242188, "time": 67.9925754070282, "iter": 120, "step": 120}
{"lr": 0.009992815977919994, "data_time": 0.0044316530227661135, "loss": 0.13940114229917527, "decode.loss_ce": 0.09730380102992058, "decode.acc_seg": 96.70417785644531, "aux.loss_ce": 0.04209734201431274, "aux.acc_seg": 96.5551528930664, "time": 68.13033990859985, "iter": 130, "step": 130}
{"lr": 0.009992259052779132, "data_time": 0.005632638931274414, "loss": 0.132667076587677, "decode.loss_ce": 0.09372182227671147, "decode.acc_seg": 96.55187225341797, "aux.loss_ce": 0.03894525431096554, "aux.acc_seg": 96.26250457763672, "time": 68.51909804344177, "iter": 140, "step": 140}
{"lr": 0.00999170212415443, "data_time": 0.003423166275024414, "loss": 0.1384403459727764, "decode.loss_ce": 0.09835853651165963, "decode.acc_seg": 94.83634948730469, "aux.loss_ce": 0.04008181001991033, "aux.acc_seg": 94.56267547607422, "time": 68.5122481584549, "iter": 150, "step": 150}
{"lr": 0.009991145192045643, "data_time": 0.006440854072570801, "loss": 0.1281934067606926, "decode.loss_ce": 0.08888975456357003, "decode.acc_seg": 96.99459075927734, "aux.loss_ce": 0.03930364977568388, "aux.acc_seg": 96.86431884765625, "time": 68.05921373367309, "iter": 160, "step": 160}
{"lr": 0.009990588256452536, "data_time": 0.0066372394561767575, "loss": 0.12216509580612182, "decode.loss_ce": 0.08463684841990471, "decode.acc_seg": 95.22897338867188, "aux.loss_ce": 0.037528246827423575, "aux.acc_seg": 95.02893829345703, "time": 67.81777048110962, "iter": 170, "step": 170}
{"lr": 0.009990031317374871, "data_time": 0.005431985855102539, "loss": 0.11087935268878937, "decode.loss_ce": 0.07754040136933327, "decode.acc_seg": 97.74669647216797, "aux.loss_ce": 0.03333895169198513, "aux.acc_seg": 97.59484100341797, "time": 67.88086440563202, "iter": 180, "step": 180}
{"lr": 0.009989474374812407, "data_time": 0.0050400495529174805, "loss": 0.12854866087436675, "decode.loss_ce": 0.08831404708325863, "decode.acc_seg": 97.38542938232422, "aux.loss_ce": 0.040234611742198466, "aux.acc_seg": 97.01541137695312, "time": 67.99048101902008, "iter": 190, "step": 190}
{"lr": 0.009988917428764899, "data_time": 0.005648493766784668, "loss": 0.10669198483228684, "decode.loss_ce": 0.07425337247550487, "decode.acc_seg": 98.08515167236328, "aux.loss_ce": 0.0324386129155755, "aux.acc_seg": 98.18793487548828, "time": 68.23877031803131, "iter": 200, "step": 200}
{"lr": 0.009988360479232116, "data_time": 0.005031228065490723, "loss": 0.11597785353660583, "decode.loss_ce": 0.08069016449153424, "decode.acc_seg": 96.31843566894531, "aux.loss_ce": 0.035287689231336114, "aux.acc_seg": 96.12598419189453, "time": 68.35943174362183, "iter": 210, "step": 210}
{"lr": 0.009987803526213809, "data_time": 0.0048310279846191405, "loss": 0.10890039652585984, "decode.loss_ce": 0.07558846287429333, "decode.acc_seg": 98.26506805419922, "aux.loss_ce": 0.03331193309277296, "aux.acc_seg": 98.19117736816406, "time": 68.10668013095855, "iter": 220, "step": 220}
{"lr": 0.009987246569709743, "data_time": 0.006442070007324219, "loss": 0.12769466415047645, "decode.loss_ce": 0.08945537135004997, "decode.acc_seg": 96.02000427246094, "aux.loss_ce": 0.038239292614161965, "aux.acc_seg": 95.82296752929688, "time": 68.17320680618286, "iter": 230, "step": 230}
{"aAcc": 98.06, "mIoU": 93.17, "mAcc": 98.07, "data_time": 0.7825657367706299, "time": 11.880134725570679, "step": 230}
