{"lr": 0.0099986634816224, "data_time": 0.01003260612487793, "loss": 0.41818423867225646, "decode.loss_ce": 0.27955870777368547, "decode.acc_seg": 90.79742431640625, "aux.loss_ce": 0.13862553015351295, "aux.acc_seg": 90.02418518066406, "time": 82.16822996139527, "iter": 25, "step": 25}
{"lr": 0.009997271253657354, "data_time": 0.007653570175170899, "loss": 0.24078068882226944, "decode.loss_ce": 0.1707454539835453, "decode.acc_seg": 89.74113464355469, "aux.loss_ce": 0.07003523260354996, "aux.acc_seg": 91.5109634399414, "time": 77.82847163677215, "iter": 50, "step": 50}
{"lr": 0.009995879003931776, "data_time": 0.0054046630859375, "loss": 0.23819164633750917, "decode.loss_ce": 0.16869474947452545, "decode.acc_seg": 90.73524475097656, "aux.loss_ce": 0.0694968968629837, "aux.acc_seg": 90.15865325927734, "time": 60.486930465698244, "iter": 75, "step": 75}
{"lr": 0.00999448673244192, "data_time": 0.005281925201416016, "loss": 0.3007904410362244, "decode.loss_ce": 0.2158619910478592, "decode.acc_seg": 84.25979614257812, "aux.loss_ce": 0.08492844924330711, "aux.acc_seg": 87.83130645751953, "time": 60.100375461578366, "iter": 100, "step": 100}
{"lr": 0.00999309443918406, "data_time": 0.005812525749206543, "loss": 0.2500708669424057, "decode.loss_ce": 0.17670353204011918, "decode.acc_seg": 95.31803131103516, "aux.loss_ce": 0.07336733415722847, "aux.acc_seg": 95.31421661376953, "time": 66.66906917095184, "iter": 125, "step": 125}
{"lr": 0.00999170212415443, "data_time": 0.006361842155456543, "loss": 0.24731441885232924, "decode.loss_ce": 0.17401729598641397, "decode.acc_seg": 92.56401062011719, "aux.loss_ce": 0.07329712733626366, "aux.acc_seg": 92.21839904785156, "time": 69.04242324829102, "iter": 150, "step": 150}
{"lr": 0.00999030978734929, "data_time": 0.00567159652709961, "loss": 0.23014863580465317, "decode.loss_ce": 0.16300978064537047, "decode.acc_seg": 94.86675262451172, "aux.loss_ce": 0.06713885478675366, "aux.acc_seg": 95.24307250976562, "time": 67.86821649074554, "iter": 175, "step": 175}
{"lr": 0.009988917428764899, "data_time": 0.0047386884689331055, "loss": 0.2162294566631317, "decode.loss_ce": 0.15254034250974655, "decode.acc_seg": 93.86234283447266, "aux.loss_ce": 0.06368911266326904, "aux.acc_seg": 93.60427856445312, "time": 65.1165833234787, "iter": 200, "step": 200}
{"lr": 0.00998752504839751, "data_time": 0.005553674697875976, "loss": 0.21499283313751222, "decode.loss_ce": 0.15186165422201156, "decode.acc_seg": 88.592529296875, "aux.loss_ce": 0.06313117668032646, "aux.acc_seg": 89.45159912109375, "time": 64.7864599943161, "iter": 225, "step": 225}
{"lr": 0.00998613264624337, "data_time": 0.007130241394042969, "loss": 0.2543588042259216, "decode.loss_ce": 0.17949391156435013, "decode.acc_seg": 91.89987182617188, "aux.loss_ce": 0.07486489154398442, "aux.acc_seg": 91.29371643066406, "time": 68.27487716674804, "iter": 250, "step": 250}
{"aAcc": 94.68, "mIoU": 89.59, "mAcc": 95.48, "data_time": 2.3877822756767273, "time": 28.43199428319931, "step": 250}
