{"aAcc": 92.37999725341797, "mIoU": 84.97000122070312, "mAcc": 94.25, "data_time": 0.012037632011231921, "time": 1.44110487756275, "step": 20}
{"lr": 0.009998830547516073, "data_time": 0.012000274658203126, "loss": 0.3110586926341057, "decode.loss_ce": 0.187528495490551, "decode.acc_seg": 95.37870788574219, "aux.loss_ce": 0.12353019267320633, "aux.acc_seg": 95.77288818359375, "time": 43.964395570755, "iter": 22, "step": 22}
{"aAcc": 97.93000030517578, "mIoU": 95.48999786376953, "mAcc": 98.0199966430664, "data_time": 0.012097597122192383, "time": 1.43095043406767, "step": 40}
{"aAcc": 97.73999786376953, "mIoU": 95.05000305175781, "mAcc": 97.52999877929688, "data_time": 0.011298384385950424, "time": 1.433001563128303, "step": 60}
