{"aAcc": 67.01000213623047, "mIoU": 34.459999084472656, "mAcc": 50.720001220703125, "data_time": 0.01413411469686599, "time": 1.756339771406991, "step": 2}
{"lr": 0.009999832936299231, "data_time": 0.16476625204086304, "loss": 0.9372164011001587, "decode.loss_ce": 0.6667980849742889, "decode.acc_seg": 64.8561019897461, "aux.loss_ce": 0.27041832357645035, "aux.acc_seg": 64.8561019897461, "time": 25.460663199424744, "iter": 4, "step": 4}
{"aAcc": 66.77999877929688, "mIoU": 33.38999938964844, "mAcc": 50.0, "data_time": 0.013264964608585133, "time": 1.7630785829880657, "step": 4}
{"aAcc": 66.77999877929688, "mIoU": 33.38999938964844, "mAcc": 50.0, "data_time": 0.013613529766307158, "time": 1.7709256144130932, "step": 6}
{"lr": 0.009999610184210918, "data_time": 0.08836659789085388, "loss": 0.8424151241779327, "decode.loss_ce": 0.5884844809770584, "decode.acc_seg": 72.5381851196289, "aux.loss_ce": 0.2539306450635195, "aux.acc_seg": 72.5381851196289, "time": 25.135095447301865, "iter": 8, "step": 8}
{"aAcc": 66.77999877929688, "mIoU": 33.38999938964844, "mAcc": 50.0, "data_time": 0.013152818118824678, "time": 1.7650714004740995, "step": 8}
{"aAcc": 66.77999877929688, "mIoU": 33.38999938964844, "mAcc": 50.0, "data_time": 0.013326675751629997, "time": 1.7513175094828886, "step": 10}
{"lr": 0.009999387431565697, "data_time": 0.12804176807403564, "loss": 0.7263727605342865, "decode.loss_ce": 0.4966524541378021, "decode.acc_seg": 73.54502868652344, "aux.loss_ce": 0.22972031086683273, "aux.acc_seg": 73.54502868652344, "time": 25.180465006828307, "iter": 12, "step": 12}
{"aAcc": 95.45999908447266, "mIoU": 90.55000305175781, "mAcc": 96.30999755859375, "data_time": 0.012902310315300437, "time": 1.747147237553316, "step": 12}
{"aAcc": 93.6500015258789, "mIoU": 87.19999694824219, "mAcc": 95.12999725341797, "data_time": 0.013463502771714155, "time": 1.7488142826977897, "step": 14}
{"lr": 0.009999164678363554, "data_time": 0.11275391578674317, "loss": 0.567242369055748, "decode.loss_ce": 0.3736074388027191, "decode.acc_seg": 93.55731201171875, "aux.loss_ce": 0.19363492876291274, "aux.acc_seg": 69.53816223144531, "time": 24.933132672309874, "iter": 16, "step": 16}
{"aAcc": 93.80000305175781, "mIoU": 87.4800033569336, "mAcc": 95.26000213623047, "data_time": 0.013275875764734605, "time": 1.7691005229949952, "step": 16}
